{
 "actions": [],
 "allow_rename": 1,
 "creation": "2025-01-19 13:57:01.702519",
 "doctype": "DocType",
 "editable_grid": 1,
 "engine": "InnoDB",
 "field_order": [
  "number",
  "is_primary"
 ],
 "fields": [
  {
   "fieldname": "number",
   "fieldtype": "Data",
   "in_list_view": 1,
   "label": "Number",
   "reqd": 1
  },
  {
   "default": "0",
   "fieldname": "is_primary",
   "fieldtype": "Check",
   "in_list_view": 1,
   "label": "Is primary"
  }
 ],
 "index_web_pages_for_search": 1,
 "istable": 1,
 "links": [],
 "modified": "2026-01-22 13:54:45.583476",
 "modified_by": "shariq@frappe.io",
 "module": "FCRM",
 "name": "CRM Telephony Phone",
 "owner": "Administrator",
 "permissions": [],
 "row_format": "Dynamic",
 "sort_field": "creation",
 "sort_order": "DESC",
 "states": []
}
