{
 "_liked_by": "[]",
 "actions": [],
 "allow_rename": 1,
 "creation": "2025-11-10 19:57:22.985858",
 "doctype": "DocType",
 "editable_grid": 1,
 "engine": "InnoDB",
 "field_order": [
  "response_time",
  "responded_on",
  "status"
 ],
 "fields": [
  {
   "fieldname": "response_time",
   "fieldtype": "Duration",
   "in_list_view": 1,
   "label": "Response time",
   "read_only": 1
  },
  {
   "fieldname": "responded_on",
   "fieldtype": "Datetime",
   "in_list_view": 1,
   "label": "Responded on",
   "read_only": 1
  },
  {
   "fieldname": "status",
   "fieldtype": "Select",
   "in_list_view": 1,
   "label": "Status",
   "options": "Fulfilled\nFailed",
   "read_only": 1
  }
 ],
 "grid_page_length": 50,
 "index_web_pages_for_search": 1,
 "istable": 1,
 "links": [],
 "modified": "2026-01-22 13:53:00.112017",
 "modified_by": "shariq@frappe.io",
 "module": "FCRM",
 "name": "CRM Rolling Response Time",
 "owner": "Administrator",
 "permissions": [],
 "row_format": "Dynamic",
 "rows_threshold_for_grid_search": 20,
 "sort_field": "creation",
 "sort_order": "DESC",
 "states": []
}
