{
 "_liked_by": "[]",
 "actions": [],
 "allow_rename": 1,
 "creation": "2023-12-04 16:07:20.400084",
 "doctype": "DocType",
 "editable_grid": 1,
 "engine": "InnoDB",
 "field_order": [
  "workday",
  "section_break_uegc",
  "start_time",
  "column_break_maie",
  "end_time"
 ],
 "fields": [
  {
   "fieldname": "workday",
   "fieldtype": "Select",
   "in_list_view": 1,
   "label": "Workday",
   "options": "Monday\nTuesday\nWednesday\nThursday\nFriday\nSaturday\nSunday",
   "reqd": 1
  },
  {
   "fieldname": "section_break_uegc",
   "fieldtype": "Section Break"
  },
  {
   "fieldname": "start_time",
   "fieldtype": "Time",
   "in_list_view": 1,
   "label": "Start time",
   "reqd": 1
  },
  {
   "fieldname": "column_break_maie",
   "fieldtype": "Column Break"
  },
  {
   "fieldname": "end_time",
   "fieldtype": "Time",
   "in_list_view": 1,
   "label": "End time",
   "reqd": 1
  }
 ],
 "index_web_pages_for_search": 1,
 "istable": 1,
 "links": [],
 "modified": "2026-01-22 14:03:18.780319",
 "modified_by": "shariq@frappe.io",
 "module": "FCRM",
 "name": "CRM Service Day",
 "owner": "Administrator",
 "permissions": [],
 "row_format": "Dynamic",
 "sort_field": "modified",
 "sort_order": "DESC",
 "states": []
}
